Products,SellCounts,Price
Hawk Gaming Chair FAB V4 Oyuncu Koltuğu,4.107,"6.049,00 TL"
LEGO ICONS Orkide 10311 - Yetişkinler İç,12.368,"1.659,01 TL"
Philips LEDBulb 13-23W/90W E27 6500K Bey,834,"157,50 TL"
Philips XW9383/01 Kablosuz Islak-Kuru El,229,"20.999,00 TL"
"Songmics Yarış Koltuğu, Ofis Koltuğu, Oy",5.228,"3.199,99 TL"
"Philips 75W Led Ampul, 2700K Sarı Işık, ",3.053,"106,99 TL"
"Philips XC7040/01 Şarjlı Dik Süpürge, Po",862,"7.499,00 TL"
Vileda Turbo&Easy Wring Yedek Paspas,11.23,"124,90 TL"
PHILIPS XB9185/07 TriActive Ultra LED Ba,2.08,"12.399,00 TL"
Orret Home 10 Adet Dolap İçi Elbise Askı,7,"98,10 TL"
"Vileda Turbo paspas komple set, teleskop",79.074,"1.199,25 TL"
Philips LED Classic 60W A60 Filament Amp,2.499,"203,19 TL"
PHILIPS FC9331/07 Powerpro City Powercyc,1.355,"4.199,00 TL"
Karcher SC 4 EasyFix Buharlı Temizlik Ma,261,"10.789,00 TL"
Solingen Plus Mikrofiber Bez Mikrofiber ,348,"195,00 TL"
"LEGO® Icons Gül 40460 - Dekoratif, Kolek",1.996,"449,00 TL"
Sleepy Easy Clean Beyaz Sabun Katkılı Mo,34,"143,00 TL"
"Philips Ess LedSpots 4, 7W-50W GU10 36D ",162,"87,00 TL"
LEGO ICONS Çiçek Buketi 10280 - Yetişkin,20.773,"1.749,99 TL"
"Vileda Turbo Pedallı Temizlik Seti, Siya",16.282,"1.196,99 TL"
Family Co. Vakumlu Hurç Poşet Setleri 5 ,390,"389,90 TL"
Sihirli Su Emici Banyo Paspası Kaymaz Ta,426,"105,32 TL"
Sunydog Karcher SC2 / SC3 / SC4 / SC5 Pa,160,"488,00 TL"
Arzum AR4087 Gırgır 2'si 1 Arada Dikey E,105,"1.049,00 TL"
"Vileda Cam Bezi, Ekstra Parlaklık, Sarı,",6.843,"116,00 TL"
"milano home - Plastik Elbise Askısı, Siy",235,"199,00 TL"
Dekoratif Dokunmatik D1901 Şarjlı kademe,87,"438,00 TL"
Philips HueWCA 9-75W Renkli Akıllı Ampul,1.295,"1.499,00 TL"
Cata Martı Cabınet Şarjlı Kolay Taşınabi,87,"199,00 TL"
WÜRTH 38X60 SENTETİK GÜDERİ BEZ MAVİ 130,524,"109,00 TL"
Vileda 155747 Ultramat Temizlik Seti Yed,15.131,"175,00 TL"
"TP-Link Tapo L530E, 8.7 W, 2.4 GHz, 16.0",19.524,"407,00 TL"
"Vileda Oluklu Bulaşık Süngeri, Yeşil, 8 ",454,"119,00 TL"
Çok Fonksiyonlu LED Akrobat Masa Lambası,164,"378,00 TL"
gorilla Ahşap Görünümlü Plastik Siyah Kı,344,"144,99 TL"
"Vileda 170644 Spino Ultra Temizlik Seti,",3.394,"739,00 TL"
Gürültü Engelleyici ve Kaymaz Titreşim Ö,1.174,"98,00 TL"
Air Wick Elektrikli Oda Kokusu Yedek Şiş,36,"98,99 TL"
Madame Coco Klimalı Yastık,5,"228,60 TL"
Orret Home Teleskopik 3'lü Mop Toz Alma ,17,"73,03 TL"
Air Wick Aerosol Premium Koku Serisi Man,158,"269,90 TL"
Hareket Sensörlü Ledli Gece Lambası Şarj,192,"329,99 TL"
Glocusent USB Şarj Edilebilir Kitap Işığ,19.013,"7.359,00 TL"
Philips XB7150/07 Marathon Daily Toz Tor,243,"990,00 TL"
Parex Wondero Otomatik Temizlik Seti,555,"92,00 TL"
Adel Magazinlik Kırmızı,37,"195,00 TL"
Cam Bezi İz Bırakmayan Solingen Sihirli ,144,"384,90 TL"
LATUDA CONCEPT Koltuk Örtüsü Şönil Kayma,137,"269,99 TL"
Micro Fitted Su Sıvı Geçirmez Alez Tek v,296,"761,50 TL"
Glade Aerosol Lavanta Ferahlığı Oda Koku,631,"74,90 TL"
Philips CL200 Fonksiyonel Tavan Lambası ,180,"795,00 TL"
Air Wick Elektrikli Oda Kokusu Esansiyel,482,"214,99 TL"
Kenko Dijital Küçük Masa Araba Sınav Saa,26,"100,00 TL"
360 Derece Dönebilen Döner Başlıklı Smar,52,"199,00 TL"
Pillowart Visko Sırt Minderi Araç Koltuk,107,"449,00 TL"
Yapışkanlı Siyah 2 Adet Tek Katlı Düz Ba,6.015,"199,90 TL"
"Philips Hue Bridge, Akıllı Aydınlatma Ba",11,"1.849,00 TL"
Katlanabilir Saplı Faraş Süpürge Kürek S,86,"339,15 TL"
Senon Kristal Cam Küre Renk Değiştiren L,8,"219,00 TL"
Orret Home Duvara Yapıştırılabilir Silik,1.89,"99,00 TL"
Sleepy Easy Clean Çamaşır Suyu Katkılı Y,417,"273,90 TL"
Electrolux EUFC8ALRGY UltraFlex Toz Torb,545,"5.699,00 TL"
"Primanova Lenox Çöp Kovası, Siyah, 6 Lt,",588,"348,00 TL"
Glade Lavanta Yedek Otomatik Sprey 60 Gü,208,"124,00 TL"
S-Link Swapp Sl-rgb15 Akıllı Wi-Fi Rgb L,339,"398,00 TL"
Galaxy 31 Cm Gerçek Cam Sessiz Mekanizma,72,"395,00 TL"
Dyson V15 ve Dyson V11 ile uyumlu Arka H,42,"349,99 TL"
Masa Lambası Dokunmatik 3 Renk 24 Led Te,430,"399,00 TL"
DecoBella Çelik Çamaşır İpi (10 mt),11,"29,90 TL"
Mandallı Mop Mikrofiber Sihirli mop Faya,654,"215,00 TL"
ÖZENEV Blackout Işık Geçirmez Fon Perde ,17,"192,50 TL"
Led Ampul 9 Watt 10'lu Paket Beyaz Işık ,79,"6.299,00 TL"
Karcher SC 2 Deluxe Buharlı Makine,148,"159,00 TL"
4'lü Çekmece Düzenleyici,267,"389,98 TL"
Elektrikli motor turbo zemin fırçası baş,1.099,"2.740,00 TL"
Bacak Yastık. Viskoelastik Yastık. Ortop,8.626,"460,00 TL"
Philips Hue GO V2 Taşınabilir Akıllı Led,122,"69,00 TL"
